Issue Type,Issue key,Issue id,Summary,Parent,Parent key,Parent summary,Priority,Status,Labels,Labels,Labels,Created,Reporter,Reporter Id,Custom field (Story Points),Custom field (Quarter Plan),Custom field (Quarter Plan),Assignee,Assignee Id,Remaining Estimate,Time Spent,Custom field (Total Work Level Hours)
Story,AWAMWRS-9179,3488284,[HK] 2025 Dec Wrap Fee collection,3457373,AWAMWRS-9161,[HK KLO] L3 Production Support 2026 Q1,Critical,Validating,,,,1/12/26 10:14,Jimmy Chan,712020:eb4c3a28-347a-443a-a31a-a5714715b11a,1,2026.1,,Ehsan Li,62d07096a94a6f9c0eff0ed7,,,
Task,AWAMWRS-9171,3464416,Adhoc sending of KYC email DEC-JAN,2331855,AWAMWRS-7829,[HK] KYC Enhancement 2025 Follow Up Q3/4,TBD,To Do,,,,1/8/26 15:47,Dorothy Lo,62f606ecda8620d533958439,2,2026.1,,Ezekiel Quintans,712020:666725b3-c6c2-46e6-8010-4a417a554ce1,,,
Task,AWAMWRS-9158,3456239,[HK] WRS/SG release 20260122,,,,TBD,To Do,,,,1/7/26 10:38,Paddy An,60467f23116c460070d87237,2,,,Lishan Du,62ea83001323922c61e1ff04,,,
Story,AWAMWRS-9157,3456237,[HK] WRS/SG Release 20260115,3488321,AWAMWRS-9180,WRS Weekly Release 20260115,TBD,In progress,,,,1/7/26 10:37,Paddy An,60467f23116c460070d87237,2,2026.1,,Sunil Kishore Khiatani,6281c0cbbdf2f30067d1f93a,,,
Story,AWAMWRS-9121,3410718,[HK] Review Tax Self Cert Form date / Address proof CTC received date,2815667,AWAMWRS-8473,[HK] Data Discrepancies follow Up and enhancements 25/26,Critical,To Do,Enhancement,,,12/30/25 18:28,Dorothy Lo,62f606ecda8620d533958439,1,2026.1,,Stephen Wang,712020:1b3c7415-dfe6-416d-8f93-dc64e9ff7c57,,,
Sub-task,AWAMWRS-9110,3407470,[HK/Phoenix] Not allow to conduct client's maintenance if there is a pending task of that client,1691012,AWAMWRS-5770,[HK/Phoenix] All in one maintenance implementation,Critical,Validating,Enhancement,,,12/29/25 14:24,Joan Ching,712020:3df01112-e9ff-472f-96b5-b710d9dc2c77,3,2025.4,,Faye Chen,62d070fabb346bdf82faed3a,,,
Task,AWAMWRS-9105,3399127,[HK] Design a fee calculation tool incorporating the required logic to ensure accurate fee computation for corporate client accounts.,3399128,AWAMWRS-9106,[HK]WRS Business Non BoW enhancements 2026 Q1,Critical,To Do,Top3,,,12/24/25 11:08,Kenive Chan,5fc8254f78f018007680e85d,3,2026.1,,Dylan Cheng,6042517281a8400068f38991,,,
Sub-task,AWAMWRS-9073,3337550,[HK/Phoenix] Change Client Maintenance to Maintenance in One Go,1691012,AWAMWRS-5770,[HK/Phoenix] All in one maintenance implementation,Critical,Validating,,,,12/15/25 16:49,David Lam,712020:c4113417-f9d8-40e6-99a1-cf3865496505,8,2025.4,,Faye Chen,62d070fabb346bdf82faed3a,,,
Sub-task,AWAMWRS-9072,3337546,[HK/Phoenix] Adding background color for the tab name that has any changed field,1691012,AWAMWRS-5770,[HK/Phoenix] All in one maintenance implementation,High,Validating,,,,12/15/25 16:43,David Lam,712020:c4113417-f9d8-40e6-99a1-cf3865496505,3,2025.4,,Faye Chen,62d070fabb346bdf82faed3a,,,
Story,AWAMWRS-9012,3239984,[HK/Phoenix] Individual - Create the UI of Individual Client Document List Tab,1691999,AWAMWRS-5781,[HK/Phoenix] Day 2 Data Fields/Process Enhancment - Document Lists for Individual and Corp,High,Validating,,,,12/1/25 17:19,Candy Mok,61a80b67b43d5b006a6ef66b,5,2025.4,,Faye Chen,62d070fabb346bdf82faed3a,,,
Story,AWAMWRS-8988,3238855,[HK/Phoenix] Include New Client Document List into Maintenance in One Go Feature,1691999,AWAMWRS-5781,[HK/Phoenix] Day 2 Data Fields/Process Enhancment - Document Lists for Individual and Corp,High,To Do,,,,12/1/25 15:14,Candy Mok,61a80b67b43d5b006a6ef66b,3,2026.1,,Harshini Anbazhagan,712020:2bc93c6c-2a03-420c-8e96-3f81191898a1,,,
Sub-task,AWAMWRS-8987,3238806,[HK/Phoenix] Include New Client Profile into Maintenance in One Go Feature,2298859,AWAMWRS-7783,[HK/Phoenix] Day 2 Data Fields - Enhance Individual and Corporate Client Profile Tab,High,To Do,,,,12/1/25 14:58,David Lam,712020:c4113417-f9d8-40e6-99a1-cf3865496505,1,2026.1,,Faye Chen,62d070fabb346bdf82faed3a,,,
Story,AWAMWRS-8984,3232247,[HK/Phoenix] Enhance the UI of Individual and Corporate Account Tab,2406916,AWAMWRS-7996,[HK/Phoenix] Account Tab/Account Maintenance (Day 2 Data Fields/Process Enhancement ),Critical,To Do,Enhancement,,,11/28/25 15:36,Joan Ching,712020:3df01112-e9ff-472f-96b5-b710d9dc2c77,5,2026.1,,Ricky Kwan Ki Kwok,5f9f5acf81b2880078e15c88,,,
Sub-task,AWAMWRS-8957,3219970,Backend codebase walk through,3136836,AWAMWRS-8840,[HK/Phoenix] Unexpected display on the Values of Annual Income and Net Worth,High,Done,,,,11/26/25 16:40,Louis Lei,712020:4d5f11fe-a1af-4f5e-8313-baaacd68d147,2,2025.4,,Louis Lei,712020:4d5f11fe-a1af-4f5e-8313-baaacd68d147,,,
Sub-task,AWAMWRS-8867,3176512,Analyze the problem,3136836,AWAMWRS-8840,[HK/Phoenix] Unexpected display on the Values of Annual Income and Net Worth,High,Done,,,,11/21/25 15:52,Louis Lei,712020:4d5f11fe-a1af-4f5e-8313-baaacd68d147,3,2025.4,,Louis Lei,712020:4d5f11fe-a1af-4f5e-8313-baaacd68d147,,,
Sub-task,AWAMWRS-8866,3176508,Come up with a tech solution,3136836,AWAMWRS-8840,[HK/Phoenix] Unexpected display on the Values of Annual Income and Net Worth,High,Done,,,,11/21/25 15:51,Louis Lei,712020:4d5f11fe-a1af-4f5e-8313-baaacd68d147,3,2025.4,,Louis Lei,712020:4d5f11fe-a1af-4f5e-8313-baaacd68d147,,,
Story,AWAMWRS-8840,3136836,[HK/Phoenix] Unexpected display on the Values of Annual Income and Net Worth,2815667,AWAMWRS-8473,[HK] Data Discrepancies follow Up and enhancements 25/26,High,To Do,Enhancement,,,11/17/25 15:25,Candy Mok,61a80b67b43d5b006a6ef66b,8,2026.1,,Ricky Kwan Ki Kwok,5f9f5acf81b2880078e15c88,,,
Task,AWAMWRS-8750,3071003,create recon part in mongo for wre and new wre,2700325,AWAMWRS-8345,[HK] Evergreen Migration (WRE refactoring),TBD,Done,,,,11/6/25 9:52,Maximilien Garcia,632a13542eaaa5dcfa1199bf,5,2025.4,,Joey Lam,62d06e192c801edc32859a3a,,,
Story,AWAMWRS-8747,3066041,[HK] CAP: Ensure Full Legal Name match Last time First Name format (Part 3),1791668,AWAMWRS-6422,[HK/Phoenix/Poseidon] Immediate Action on data fix for the CAP,Critical,To Do,Tech,,,11/5/25 17:58,Dorothy Lo,62f606ecda8620d533958439,5,2026.1,,Ricky Kwan Ki Kwok,5f9f5acf81b2880078e15c88,,,
Sub-task,AWAMWRS-8739,3064618,[HK/Phoenix] add 100 length limit for Related PEP Name (For RCA only) (Max 100 char),2048754,AWAMWRS-7462,[HK/Phoenix] Modify red flag tab to Client Red Flag/PEP/Country Risk Individual Onboarding tab,TBD,Done,,,,11/5/25 9:27,Lishan Du,62ea83001323922c61e1ff04,,2025.3,,Lishan Du,62ea83001323922c61e1ff04,,,
Sub-task,AWAMWRS-8732,3040927,[HK/Phoenix] there are some issues on the Country Risk caused by the sequence of approval,2048754,AWAMWRS-7462,[HK/Phoenix] Modify red flag tab to Client Red Flag/PEP/Country Risk Individual Onboarding tab,TBD,Done,,,,11/3/25 14:56,Lishan Du,62ea83001323922c61e1ff04,1,2025.3,,Lishan Du,62ea83001323922c61e1ff04,,,8
Sub-task,AWAMWRS-8731,3040800,[HK/Phoenix] update Country Risk Rating in DB,2048754,AWAMWRS-7462,[HK/Phoenix] Modify red flag tab to Client Red Flag/PEP/Country Risk Individual Onboarding tab,TBD,Done,,,,11/3/25 14:03,Lishan Du,62ea83001323922c61e1ff04,1,2025.3,,Lishan Du,62ea83001323922c61e1ff04,,,8
Sub-task,AWAMWRS-8706,2992113,"[HK/Phoenix] update to wrap the ""Country Risk Attributes"" text",2048754,AWAMWRS-7462,[HK/Phoenix] Modify red flag tab to Client Red Flag/PEP/Country Risk Individual Onboarding tab,TBD,Done,,,,10/28/25 9:42,Lishan Du,62ea83001323922c61e1ff04,1,2025.3,,Lishan Du,62ea83001323922c61e1ff04,,,8
Sub-task,AWAMWRS-8661,2979890,[HK/Phoenix] update to use HK Time for checked Date,2048754,AWAMWRS-7462,[HK/Phoenix] Modify red flag tab to Client Red Flag/PEP/Country Risk Individual Onboarding tab,TBD,Done,,,,10/24/25 15:35,Lishan Du,62ea83001323922c61e1ff04,1,2025.3,,Lishan Du,62ea83001323922c61e1ff04,,,8
Story,AWAMWRS-8658,2965781,[HK/Phoenix] Individual onboarding and maintenance - Enhance the Phoenix B/E Logic  to support ,1691999,AWAMWRS-5781,[HK/Phoenix] Day 2 Data Fields/Process Enhancment - Document Lists for Individual and Corp,High,Validating,Enhancement,,,10/22/25 17:16,Candy Mok,61a80b67b43d5b006a6ef66b,5,2025.4,,Faye Chen,62d070fabb346bdf82faed3a,,,
Sub-task,AWAMWRS-8626,2946377,[HK/Phoenix] frontend country risk attributes calculate issue for corporate client,2048754,AWAMWRS-7462,[HK/Phoenix] Modify red flag tab to Client Red Flag/PEP/Country Risk Individual Onboarding tab,TBD,Done,,,,10/21/25 9:35,Lishan Du,62ea83001323922c61e1ff04,1,2025.3,,Lishan Du,62ea83001323922c61e1ff04,,,8
Sub-task,AWAMWRS-8620,2941871,[HK/Phoenix] can not update related clients' countryRiskAttributes,2048754,AWAMWRS-7462,[HK/Phoenix] Modify red flag tab to Client Red Flag/PEP/Country Risk Individual Onboarding tab,TBD,Done,,,,10/20/25 10:28,Lishan Du,62ea83001323922c61e1ff04,1,2025.3,,Lishan Du,62ea83001323922c61e1ff04,,,8
Sub-task,AWAMWRS-8619,2941868,[HK/Phoenix] corporate's place of incorporation miss to calculate countryRiskAttributes ,2048754,AWAMWRS-7462,[HK/Phoenix] Modify red flag tab to Client Red Flag/PEP/Country Risk Individual Onboarding tab,TBD,Done,,,,10/20/25 10:27,Lishan Du,62ea83001323922c61e1ff04,1,2025.3,,Lishan Du,62ea83001323922c61e1ff04,,,8
Sub-task,AWAMWRS-8618,2935512,[HK/Phoenix] Incorrect Sequence of Historical Information of Correspondence Address,2048754,AWAMWRS-7462,[HK/Phoenix] Modify red flag tab to Client Red Flag/PEP/Country Risk Individual Onboarding tab,TBD,Done,Bug,,,10/17/25 14:56,David Lam,712020:c4113417-f9d8-40e6-99a1-cf3865496505,1,2025.4,,Lishan Du,62ea83001323922c61e1ff04,,,8
Sub-task,AWAMWRS-8615,2920627,[HK/Phoenix] PEP Issue -Unexpected alert pop up message under Display mode,2048754,AWAMWRS-7462,[HK/Phoenix] Modify red flag tab to Client Red Flag/PEP/Country Risk Individual Onboarding tab,High,Done,Bug,,,10/15/25 15:13,David Lam,712020:c4113417-f9d8-40e6-99a1-cf3865496505,1,2025.4,,Lishan Du,62ea83001323922c61e1ff04,,,8
Sub-task,AWAMWRS-8614,2920609,[HK/Phoenix] PEP Issue -Country Risk Attributes and Country Risk values missing in display mode,2048754,AWAMWRS-7462,[HK/Phoenix] Modify red flag tab to Client Red Flag/PEP/Country Risk Individual Onboarding tab,High,Done,Bug,,,10/15/25 15:05,David Lam,712020:c4113417-f9d8-40e6-99a1-cf3865496505,2,2025.4,,Lishan Du,62ea83001323922c61e1ff04,,,
Story,AWAMWRS-8474,2816036,[SG] Identify potential breaks at the order or transaction level ,2758442,AWAMWRS-8367,[SG] Recon - Ops Transaction Monitoring,High,Validating,,,,9/30/25 17:35,Maximilien Garcia,632a13542eaaa5dcfa1199bf,5,2026.1,,Lotus Zhang,62d07088c4c3be001fb5a380,,,
Sub-task,AWAMWRS-8450,2804955,[HK/Phoenix] Enhance the Phoenix B/E Logic of Individual and Corporate Client Profile Tab,2298859,AWAMWRS-7783,[HK/Phoenix] Day 2 Data Fields - Enhance Individual and Corporate Client Profile Tab,High,Validating,,,,9/26/25 14:50,Candy Mok,61a80b67b43d5b006a6ef66b,3,2025.4,,Faye Chen,62d070fabb346bdf82faed3a,,,
Sub-task,AWAMWRS-8449,2804815,[HK/Phoenix] Enhance the UI of Individual and Corporate Client Profile Tab,2298859,AWAMWRS-7783,[HK/Phoenix] Day 2 Data Fields - Enhance Individual and Corporate Client Profile Tab,Critical,Validating,,,,9/26/25 14:12,Candy Mok,61a80b67b43d5b006a6ef66b,3,2025.4,,Faye Chen,62d070fabb346bdf82faed3a,,,
Sub-task,AWAMWRS-8448,2804797,[HK/Phoenix] Show Age and Vulnerable Client,2298859,AWAMWRS-7783,[HK/Phoenix] Day 2 Data Fields - Enhance Individual and Corporate Client Profile Tab,High,Validating,,,,9/26/25 14:04,Candy Mok,61a80b67b43d5b006a6ef66b,2,2025.4,,Faye Chen,62d070fabb346bdf82faed3a,,,
Task,AWAMWRS-8359,2738969,[HK/Phoenix] Revise opt-in in client design,2815667,AWAMWRS-8473,[HK] Data Discrepancies follow Up and enhancements 25/26,Critical,To Do,,,,9/18/25 17:07,Joey Lam,62d06e192c801edc32859a3a,5,2026.1,,Paddy An,60467f23116c460070d87237,,,
Task,AWAMWRS-8265,2613436,[HK] WRS Disaster Recovery Exercise,2604617,AWAMWRS-8244,[WRS] 2025-26 DR,TBD,In progress,,,,9/4/25 16:22,Ricky Kwan Ki Kwok,5f9f5acf81b2880078e15c88,5,2026.1,,Sunil Kishore Khiatani,6281c0cbbdf2f30067d1f93a,,,
Enabler,AWAMWRS-8061,2445042,[SG] Enhance transaction feed to handle Reversed status for transaction in PSPL feed,2514626,AWAMWRS-8140,[SG] SG Small Enhancements Q4 2025,Medium,To Do,SG,,,8/13/25 14:44,James Foo,712020:f094b568-b1b2-4083-b6c5-95d9bc7b0e6e,3,2025.4,,Grant Chen,712020:953f9f48-c0e2-4e36-ba3d-1095ccaf30c8,,,
Story,AWAMWRS-7993,2406890,[HK/Phoenix] Implement Document List Read-Only Mode with Historical Data Access,1691999,AWAMWRS-5781,[HK/Phoenix] Day 2 Data Fields/Process Enhancment - Document Lists for Individual and Corp,Critical,Validating,,,,8/6/25 16:04,David Lam,712020:c4113417-f9d8-40e6-99a1-cf3865496505,1,2026.1,,Faye Chen,62d070fabb346bdf82faed3a,,,
Story,AWAMWRS-7960,2392751,[HK/Reporting] Operation Reporting (Country Risk Changes) (Internal Reporting Day 2),1836753,AWAMWRS-6754,[HK/Phoenix] Day 2 - Ops Reporting and Workflow (2025 Part 1),TBD,To Do,InternalReporting,Reporting,,8/5/25 16:56,Dorothy Lo,62f606ecda8620d533958439,3,2026.1,,Stephen Wang,712020:1b3c7415-dfe6-416d-8f93-dc64e9ff7c57,,,
Story,AWAMWRS-7815,2318036,[HK/Phoenix] Enhancement for Update address/contact with roles and new design,1879965,AWAMWRS-6976,[HK/Phoenix] Account Sub Tab Address Cleanup & Enhancement (Day 2 Data Fields/Process Enhancement),High,In progress,,,,7/22/25 15:16,Candy Mok,61a80b67b43d5b006a6ef66b,8,2026.1,,Maximilien Garcia,632a13542eaaa5dcfa1199bf,,,
Story,AWAMWRS-7497,2067999,[HK] PnL Feed Processing/Data SpotCheck - Exception Reporting,2764924,AWAMWRS-8384,[HK/Biz/Ops] To support iFUNDS Enhancement on BB4 dashboard - Phase Batch Updates / Data Loading,Medium,To Do,,,,6/16/25 12:39,Joey Lam,62d06e192c801edc32859a3a,8,2026.1,,Grant Chen,712020:953f9f48-c0e2-4e36-ba3d-1095ccaf30c8,,,
Sub-task,AWAMWRS-7468,2049263,"[HK/Phoenix] Adding soft warning message when the Maker or the Checker clicks ""Submit"" button during Individual/Corporate Maintenance",1691012,AWAMWRS-5770,[HK/Phoenix] All in one maintenance implementation,High,Validating,Enhancement,,,6/12/25 16:16,Joan Ching,712020:3df01112-e9ff-472f-96b5-b710d9dc2c77,3,2025.4,,Faye Chen,62d070fabb346bdf82faed3a,,,
Story,AWAMWRS-7459,2044211,[SG] Patch missing address for existing user on production,2672999,AWAMWRS-8314,[SG] KLO SG Production Fixes Q4 2025,Medium,To Do,SG,,,6/11/25 16:17,James Foo,712020:f094b568-b1b2-4083-b6c5-95d9bc7b0e6e,3,2026.1,,Oliver Liu,712020:7b1c7c70-c493-4c02-b1c0-c3de2e6eb7ee,,,
Story,AWAMWRS-6998,1890336,[HK/Phoenix] Review clients not finish client merge,1693723,AWAMWRS-5796,[HK/Phoenix] Client Merge/Client Clone process Enhancements (Day 2 Process Enhancement ),Medium,To Do,Enhancement,,,5/15/25 16:15,Ricky Kwan Ki Kwok,5f9f5acf81b2880078e15c88,3,2026.1,,Dylan Cheng,6042517281a8400068f38991,,,
Story,AWAMWRS-6742,1831376,[HK/Phoenix] Design to Support Phoenix Access Control for different Users,2884970,AWAMWRS-8511,[HK/Phoenix]  Phoenix General Function Enhancement (25Q4),Critical,To Do,,,,4/22/25 17:59,Joey Lam,62d06e192c801edc32859a3a,8,2026.1,,Maximilien Garcia,632a13542eaaa5dcfa1199bf,,,
Story,AWAMWRS-5221,1599353,[HK/Phoenix] Day 2 Enhancement: Integrate Account Maintenance into Phoenix Design,816784,AWAMWRS-3076,[HK/Phoenix] Account Termination/ Account Status Update/Account Reactivate (Day 2 Process Enhancement),Critical,To Do,Enhancement,,,12/17/24 16:30,Candy Mok,61a80b67b43d5b006a6ef66b,5,2026.1,,Maximilien Garcia,632a13542eaaa5dcfa1199bf,,,
Sub-task,AWAMWRS-9119,1546828,[HK] Check and review similar Client profiles in PROD,1890336,AWAMWRS-6998,[HK/Phoenix] Review clients not finish client merge,Medium,To Do,GAP,,,11/5/24 16:16,Dorothy Lo,62f606ecda8620d533958439,2,2026.1,,Kenive Chan,5fc8254f78f018007680e85d,,,
Operational Support,AWAMWRS-4536,1520138,API support for updating date_closed column in WRS Accounts Table,3410635,AWAMWRS-9120,WRS Tech items 26Q1 (Tech Debt/ Performance Tuning/ Tech Testing,TBD,To Do,,,,10/4/24 9:41,John Paul Fajardo,6376d4c29e48f2b9a6110e7f,,2026.1,,Rozwel Li,712020:5961d129-51ae-4822-ae22-dfed75571365,,,
Story,AWAMWRS-9163,2332445,"HK: Frontend, workflow and audit for corporate action shareholder notification",879755,ASIAPLAN-1327,HK: Automating Fund notices process / Dealing suspension,Critical,In progress,Enhancement,iFUNDS_Enhancement,WWS_Enhancement,7/23/25 15:55,Ricky Kwan Ki Kwok,5f9f5acf81b2880078e15c88,8,2026.1,,Nick Zhang,712020:166d0b2c-d022-4480-b4dc-62b0e4209690,230400,,
Task,AWAMWRS-5600,1673770,[HK] CA send legacy-trailer-fee to ADO Secure-Inbox 2.0,1651187,AWAMWRS-5473,[HK/Lifeco/Business] Lifeco Oracle Decommission - ADO S6 Report  Delivery Process- MAM Trailer Fee Breakdown,High,In progress,,,,2/5/25 17:42,Paddy An,60467f23116c460070d87237,3,2026.1,,Rozwel Li,712020:5961d129-51ae-4822-ae22-dfed75571365,115200,57600,
Story,AWAMWRS-9173,3474283,[HK/PHOENIX] Investigate and fix incorrect population of Custom Annual Income field,,,,TBD,To Do,,,,1/9/26 16:25,Ricky Kwan Ki Kwok,5f9f5acf81b2880078e15c88,3,2026.1,,Harshini Anbazhagan,712020:2bc93c6c-2a03-420c-8e96-3f81191898a1,86400,,
Operational Support,AWAMWRS-9155,3438405,[HK] enhance CA GWAMPR_AWAM_HK_IFDF_MLY_NRD_IFLAC0001 to ignore not found PDF files,3410301,AWAMWRS-9115,[HK/WRS] 2026 Production Fix Q1,Medium,In progress,2025_PRB_Top01,HK,,1/6/26 16:12,Paddy An,60467f23116c460070d87237,3,2026.1,,Lishan Du,62ea83001323922c61e1ff04,86400,0,
Story,AWAMWRS-9103,3386547,[HK/Phoenix] Amend the UI of Account Level Documents under edit mode of Individual Maintenance,1691999,AWAMWRS-5781,[HK/Phoenix] Day 2 Data Fields/Process Enhancment - Document Lists for Individual and Corp,TBD,In progress,Enhancement,,,12/23/25 16:34,Joan Ching,712020:3df01112-e9ff-472f-96b5-b710d9dc2c77,5,2026.1,,Faye Chen,62d070fabb346bdf82faed3a,86400,57600,
Task,AWAMWRS-9070,3336930,[SG] Incomplete data on EDL Transaction feed file,2672999,AWAMWRS-8314,[SG] KLO SG Production Fixes Q4 2025,Critical,In progress,,,,12/15/25 14:30,Renzel Jay De Jesus,712020:f455328d-9a28-47c5-8fef-0b2f2a5f8848,5,2026.1,,Oliver Liu,712020:7b1c7c70-c493-4c02-b1c0-c3de2e6eb7ee,86400,144000,
Task,AWAMWRS-8919,3194432,[SG] Enhance payment details information,3194262,AWAMWRS-8913,[SG] Account opening enhancement to support M360,High,In progress,,,,11/24/25 17:56,Maximilien Garcia,632a13542eaaa5dcfa1199bf,3,2026.1,,Grant Chen,712020:953f9f48-c0e2-4e36-ba3d-1095ccaf30c8,86400,7200,
Story,AWAMWRS-7715,2226458,[HK/BAU] Combine Daily Fund Price Sheet Reports,816918,AWAMWRS-2931,[HK] Process Revamp - Update Daily Fund Price Sheet for distributor (IF0028),Medium,To Do,Enhancement,Fund_Price,HK,7/8/25 11:59,Clara Tam,712020:03fda1fc-1266-4dd6-a4db-c86aab94f958,3,2026.1,,Rozwel Li,712020:5961d129-51ae-4822-ae22-dfed75571365,86400,86400,
Task,AWAMWRS-8650,2963761,[HK/Phoenix] Technical Fix for pending tasks/historical tasks,,,,TBD,Validating,,,,10/22/25 9:51,Ricky Kwan Ki Kwok,5f9f5acf81b2880078e15c88,3,2026.1,,Harshini Anbazhagan,712020:2bc93c6c-2a03-420c-8e96-3f81191898a1,75600,10800,
Enabler,AWAMWRS-9154,3437842,[HK] submission by 16/Jan,3170964,AWAMWRS-8858,[HK] EY IT Audit 25,High,In progress,,,,1/6/26 13:49,Paddy An,60467f23116c460070d87237,3,2026.1,,Paddy An,60467f23116c460070d87237,57600,28800,
Story,AWAMWRS-9122,3423987,[HK/data] Review Self-Cert form date and CTC date,2815667,AWAMWRS-8473,[HK] Data Discrepancies follow Up and enhancements 25/26,High,In progress,GAP,,,12/31/25 10:45,Dorothy Lo,62f606ecda8620d533958439,5,2026.1,,Ehsan Li,62d07096a94a6f9c0eff0ed7,57600,7200,
Sub-task,AWAMWRS-9102,3386384,[HK/Phoenix] Adding new functions of deleting existing and adding new Controlling Person/Company Director/Authorized Signatory/Shareholder in-one-go maintenance under Corporate Maintenance,1691012,AWAMWRS-5770,[HK/Phoenix] All in one maintenance implementation,Critical,Validating,Enhancement,,,12/23/25 14:41,David Lam,712020:c4113417-f9d8-40e6-99a1-cf3865496505,5,2026.1,,Faye Chen,62d070fabb346bdf82faed3a,57600,86400,
Task,AWAMWRS-8740,3064621,[HK] Re-enable Automated Emails for KYC Reactivation,2331855,AWAMWRS-7829,[HK] KYC Enhancement 2025 Follow Up Q3/4,High,In progress,,,,11/5/25 9:28,Candy Mok,61a80b67b43d5b006a6ef66b,3,2026.1,,Ezekiel Quintans,712020:666725b3-c6c2-46e6-8010-4a417a554ce1,57600,86400,
Task,AWAMWRS-8193,2557304,[HK/Phoenix/Tech] Patch unexpected null assesssment_question_id and null response in client_assessment_results table,2815667,AWAMWRS-8473,[HK] Data Discrepancies follow Up and enhancements 25/26,High,In progress,Enhancement,,,8/29/25 16:52,Dorothy Lo,62f606ecda8620d533958439,3,2026.1,,Rozwel Li,712020:5961d129-51ae-4822-ae22-dfed75571365,57600,93600,
Story,AWAMWRS-8035,2424347,[HK/Phoenix] Adding more search criteria of Pending Task and Historical Task under Workflow,2884970,AWAMWRS-8511,[HK/Phoenix]  Phoenix General Function Enhancement (25Q4),Critical,Validating,Enhancement,,,8/11/25 10:44,Joan Ching,712020:3df01112-e9ff-472f-96b5-b710d9dc2c77,5,2026.1,,Harshini Anbazhagan,712020:2bc93c6c-2a03-420c-8e96-3f81191898a1,57600,86400,
Story,AWAMWRS-7783,2298859,[HK/Phoenix] Day 2 Data Fields - Enhance Individual and Corporate Client Profile Tab,1767029,AWAMWRS-6257,[HK/Phoenix] Day 2 Data Fields/Process Enhancement - Phoenix Client Profile Tab Fields Update​,Critical,In progress,Enhancement,,,7/17/25 18:14,David Lam,712020:c4113417-f9d8-40e6-99a1-cf3865496505,15,2025.4,,Faye Chen,62d070fabb346bdf82faed3a,57600,576000,
Story,AWAMWRS-6597,1813907,[HK] Review RPQ config and enhance with 1 Active version only,2815667,AWAMWRS-8473,[HK] Data Discrepancies follow Up and enhancements 25/26,Critical,To Do,Enhancement,,,4/11/25 16:18,Dorothy Lo,62f606ecda8620d533958439,13,2026.1,,Rozwel Li,712020:5961d129-51ae-4822-ae22-dfed75571365,57600,28800,
Story,AWAMWRS-9056,3300634,[HK] WRS Phoenix - Add validation for custom net worth value.,3410301,AWAMWRS-9115,[HK/WRS] 2026 Production Fix Q1,TBD,Validating,2025_PRB_Top02,,,12/9/25 9:22,Kenive Chan,5fc8254f78f018007680e85d,3,2026.1,,Harshini Anbazhagan,712020:2bc93c6c-2a03-420c-8e96-3f81191898a1,43200,25200,
Story,AWAMWRS-8788,3097347,[HK/data] Review tax remarks -part2,2815667,AWAMWRS-8473,[HK] Data Discrepancies follow Up and enhancements 25/26,Critical,Validating,GAP,,,11/11/25 17:18,Dorothy Lo,62f606ecda8620d533958439,3,2025.4,,Ehsan Li,62d07096a94a6f9c0eff0ed7,36000,,
Task,AWAMWRS-9112,3407564,[SG] Enhance aum process,2672999,AWAMWRS-8314,[SG] KLO SG Production Fixes Q4 2025,Critical,Done,,,,12/29/25 15:27,Maxed Bacallo,636d527196243ac755ee7f65,3,2025.4,,Oliver Liu,712020:7b1c7c70-c493-4c02-b1c0-c3de2e6eb7ee,28800,86400,
Task,AWAMWRS-9096,3357668,[HK/Tech] Migration from the legacy GitHub organization manulife-gwam to the Enterprise Managed Users (EMU) organization mfc-gwam.,3410346,AWAMWRS-9117,[Tech] Migration from the legacy GitHub organization manulife-gwam to the Enterprise Managed Users (EMU) organization mfc-gwam.,High,Validating,,,,12/17/25 10:58,Kevin Lee,5f8f51dcddb0df006e70f161,5,2026.1,,Maximilien Garcia,632a13542eaaa5dcfa1199bf,28800,86400,
Task,AWAMWRS-9027,3285275,"[HK] Create RPQ when ""reuse previous RPQ in IFUNDS""",2815667,AWAMWRS-8473,[HK] Data Discrepancies follow Up and enhancements 25/26,TBD,Validating,,,,12/5/25 15:40,Paddy An,60467f23116c460070d87237,3,2026.1,,Rozwel Li,712020:5961d129-51ae-4822-ae22-dfed75571365,28800,100800,
Story,AWAMWRS-9023,3278548,[HK/Phoenix] UAT for client merge,1693723,AWAMWRS-5796,[HK/Phoenix] Client Merge/Client Clone process Enhancements (Day 2 Process Enhancement ),High,In progress,,,,12/4/25 15:19,Ricky Kwan Ki Kwok,5f9f5acf81b2880078e15c88,5,2026.1,,Dylan Cheng,6042517281a8400068f38991,28800,136800,
Story,AWAMWRS-5770,1691012,[HK/Phoenix] All in one maintenance implementation,2884970,AWAMWRS-8511,[HK/Phoenix]  Phoenix General Function Enhancement (25Q4),Critical,Validating,Enhancement,,,2/17/25 12:08,David Lam,712020:c4113417-f9d8-40e6-99a1-cf3865496505,22,2025.4,,Faye Chen,62d070fabb346bdf82faed3a,28800,633600,
Story,AWAMWRS-8503,2876630,Review on Document List Bulk Update,1691999,AWAMWRS-5781,[HK/Phoenix] Day 2 Data Fields/Process Enhancment - Document Lists for Individual and Corp,High,Validating,,,,10/8/25 10:32,Joan Ching,712020:3df01112-e9ff-472f-96b5-b710d9dc2c77,2,2025.4,,Ehsan Li,62d07096a94a6f9c0eff0ed7,10800,57600,
Task,AWAMWRS-9174,3474632,[HK] Data-patch to leave only 1 active RPQ per client(remained record clean created after 2025-12-31),2815667,AWAMWRS-8473,[HK] Data Discrepancies follow Up and enhancements 25/26,TBD,Done,,,,1/9/26 16:39,Dorothy Lo,62f606ecda8620d533958439,2,2026.1,,Rozwel Li,712020:5961d129-51ae-4822-ae22-dfed75571365,7200,7200,
Story,AWAMWRS-6999,1890337,[HK/Phoenix] Build new V3 API for Client Merge,1693723,AWAMWRS-5796,[HK/Phoenix] Client Merge/Client Clone process Enhancements (Day 2 Process Enhancement ),Critical,Validating,Enhancement,,,5/15/25 16:17,Ricky Kwan Ki Kwok,5f9f5acf81b2880078e15c88,5,2026.1,,Dylan Cheng,6042517281a8400068f38991,7200,194400,
Story,AWAMWRS-8309,2654266,[Phoenix/HK] Corporate Client Maintenance Failed to save draft when calculate red flag is not clicked,1879943,AWAMWRS-6972,[HK/Phoenix] Day 2 Data Fields/Process Enhancement - Red Flag PEP/Country Risk,High,Validating,,,,9/10/25 15:35,David Lam,712020:c4113417-f9d8-40e6-99a1-cf3865496505,1,2025.4,,Ricky Kwan Ki Kwok,5f9f5acf81b2880078e15c88,3600,3600,
Story,AWAMWRS-9162,3457401,[HK/SG] Prepare tests for CDM Message Bus,3407355,AWAMWRS-9109,[WRS] 2025-26 DR Extension 2026,TBD,In progress,,,,1/7/26 17:58,Sunil Kishore Khiatani,6281c0cbbdf2f30067d1f93a,2,2026.1,,Sunil Kishore Khiatani,6281c0cbbdf2f30067d1f93a,0,28800,
Task,AWAMWRS-9160,3456785,[HK] To do one time job to fix Missing Transactions from AML feeds,1584910,AWAMWRS-5126,[KLO] L3 Production Support 2025 Q1,Critical,Done,,,,1/7/26 15:15,Ma Luowella Sanchez,620cdf9907f51e0069438c6f,2,2026.1,,Dylan Cheng,6042517281a8400068f38991,0,28800,
Task,AWAMWRS-9152,3433123,WRS Weekly Release 20260108,3399129,GWAMAWAM-12940,[HK] 2026 Q1 Production Support,High,Done,,,,1/5/26 15:52,Rozwel Li,712020:5961d129-51ae-4822-ae22-dfed75571365,2,,,Rozwel Li,712020:5961d129-51ae-4822-ae22-dfed75571365,0,57600,
Story,AWAMWRS-9114,3408190,[HK] Show investment-holding in monthly-statement when holding units > 0 and NAV = 0,3408188,AWAMWRS-9113,[HK] MIC Handling for MGF Emerging Eastern Europe,Critical,Done,,,,12/29/25 19:04,Paddy An,60467f23116c460070d87237,5,2026.1,,Paddy An,60467f23116c460070d87237,0,158400,
Story,AWAMWRS-9095,3343226,[SG] PEP Information to support occupation and source of wealth/fund,3194262,AWAMWRS-8913,[SG] Account opening enhancement to support M360,High,Validating,,,,12/16/25 16:10,Calvinthio Gunawan,62d070a21e326fd930131db7,8,2026.1,,Louis Lei,712020:4d5f11fe-a1af-4f5e-8313-baaacd68d147,0,460800,
Task,AWAMWRS-9071,3336974,[SG] TFI/TFO to be tagged as Subscription/Redemption in EDL Transaction feed,2672999,AWAMWRS-8314,[SG] KLO SG Production Fixes Q4 2025,Critical,Validating,,,,12/15/25 14:31,Renzel Jay De Jesus,712020:f455328d-9a28-47c5-8fef-0b2f2a5f8848,1,2025.4,,Oliver Liu,712020:7b1c7c70-c493-4c02-b1c0-c3de2e6eb7ee,0,3600,
Story,AWAMWRS-9067,3336649,[HK/SG] Prepare tests for DR,3407355,AWAMWRS-9109,[WRS] 2025-26 DR Extension 2026,Medium,Done,,,,12/15/25 12:00,Sunil Kishore Khiatani,6281c0cbbdf2f30067d1f93a,2,2026.1,,Sunil Kishore Khiatani,6281c0cbbdf2f30067d1f93a,0,97200,
Task,AWAMWRS-9063,3324614,[HK] Endpoint /api/v3/kyc/calculate-next-refresh-date often causes pod restarting because of memory outage,2605660,AWAMWRS-8249,[KLO] 2026 Production Fix Backlog,High,Done,,,,12/11/25 17:51,Kenive Chan,5fc8254f78f018007680e85d,3,2025.4,,Ehsan Li,62d07096a94a6f9c0eff0ed7,0,39600,
Story,AWAMWRS-9055,3295774,[HK] Fix CSV file can not generate data in Prod,3410301,AWAMWRS-9115,[HK/WRS] 2026 Production Fix Q1,High,Done,2025_PRB_Top01,,,12/8/25 15:36,Kenive Chan,5fc8254f78f018007680e85d,3,2026.1,,Lishan Du,62ea83001323922c61e1ff04,0,86400,
Task,AWAMWRS-9028,3285278,[HK] Inactive existing RPQ when legacy-migration,2815667,AWAMWRS-8473,[HK] Data Discrepancies follow Up and enhancements 25/26,Critical,Done,,,,12/5/25 15:40,Paddy An,60467f23116c460070d87237,5,2025.4,,Rozwel Li,712020:5961d129-51ae-4822-ae22-dfed75571365,0,129600,
Task,AWAMWRS-9026,3285272,[HK] Data-patch to leave only 1 active RPQ per client,2815667,AWAMWRS-8473,[HK] Data Discrepancies follow Up and enhancements 25/26,TBD,Done,,,,12/5/25 15:39,Paddy An,60467f23116c460070d87237,2,2025.4,,Rozwel Li,712020:5961d129-51ae-4822-ae22-dfed75571365,0,36000,
Story,AWAMWRS-9022,3278545,[HK/Phoenix] Build chipmunk api for client merge,1693723,AWAMWRS-5796,[HK/Phoenix] Client Merge/Client Clone process Enhancements (Day 2 Process Enhancement ),Critical,Validating,,,,12/4/25 15:19,Ricky Kwan Ki Kwok,5f9f5acf81b2880078e15c88,3,2026.1,,Dylan Cheng,6042517281a8400068f38991,0,86400,
Story,AWAMWRS-8928,3218869,[HK/Phoenix]: Technical Fix Phoenix Edge case: Empty tax info leading to error in corporate client clone feature ,,,,Medium,Done,Bug,HK,,11/26/25 11:06,Candy Mok,61a80b67b43d5b006a6ef66b,5,2025.4,,Louis Lei,712020:4d5f11fe-a1af-4f5e-8313-baaacd68d147,0,57600,
Task,AWAMWRS-8917,3194425,[SG] Update source of wealth choice list,3194262,AWAMWRS-8913,[SG] Account opening enhancement to support M360,High,Validating,,,,11/24/25 17:53,Calvinthio Gunawan,62d070a21e326fd930131db7,1,2026.1,,Louis Lei,712020:4d5f11fe-a1af-4f5e-8313-baaacd68d147,0,28800,
Operational Support,AWAMWRS-8865,3176420,[HK] Legacy orders from WWS missing processed_date in WRS,3410301,AWAMWRS-9115,[HK/WRS] 2026 Production Fix Q1,Medium,Validating,2025_PRB_Top01,HK,,11/21/25 15:13,Ma Luowella Sanchez,620cdf9907f51e0069438c6f,3,2026.1,,Lishan Du,62ea83001323922c61e1ff04,0,201600,
Task,AWAMWRS-8757,3081453,[HK] Loading KFIN data to UAT ,2764924,AWAMWRS-8384,[HK/Biz/Ops] To support iFUNDS Enhancement on BB4 dashboard - Phase Batch Updates / Data Loading,High,Validating,,,,11/7/25 15:00,Ricky Kwan Ki Kwok,5f9f5acf81b2880078e15c88,5,2026.1,,Grant Chen,712020:953f9f48-c0e2-4e36-ba3d-1095ccaf30c8,0,201600,
Sub-task,AWAMWRS-8735,3046685,[HK/Phoenix] there is presentation issue when deleting the RCA,2048754,AWAMWRS-7462,[HK/Phoenix] Modify red flag tab to Client Red Flag/PEP/Country Risk Individual Onboarding tab,Medium,Validating,,,,11/4/25 10:41,David Lam,712020:c4113417-f9d8-40e6-99a1-cf3865496505,2,2025.3,,Calvinthio Gunawan,62d070a21e326fd930131db7,0,7200,
Story,AWAMWRS-8657,2965734,[HK/Phoenix] Enhance the existing V3 Get kyc-documents API to return current document data and historical document data,1691999,AWAMWRS-5781,[HK/Phoenix] Day 2 Data Fields/Process Enhancment - Document Lists for Individual and Corp,High,Validating,,,,10/22/25 17:06,Faye Chen,62d070fabb346bdf82faed3a,3,2026.1,,Lishan Du,62ea83001323922c61e1ff04,0,,
Story,AWAMWRS-8655,2965728,[HK/Phoenix] Create a new V3 Patch client kyc document API to update the document list data,1691999,AWAMWRS-5781,[HK/Phoenix] Day 2 Data Fields/Process Enhancment - Document Lists for Individual and Corp,High,Validating,,,,10/22/25 16:53,Candy Mok,61a80b67b43d5b006a6ef66b,5,2026.1,,Lishan Du,62ea83001323922c61e1ff04,0,,
Story,AWAMWRS-8654,2965722,[HK/Phoenix] Enhance the existing V3 Post clients API to include storing the document list data,1691999,AWAMWRS-5781,[HK/Phoenix] Day 2 Data Fields/Process Enhancment - Document Lists for Individual and Corp,High,Validating,,,,10/22/25 16:45,Candy Mok,61a80b67b43d5b006a6ef66b,5,2026.1,,Lishan Du,62ea83001323922c61e1ff04,0,,
Sub-task,AWAMWRS-8447,2804734,Add 2 new fields Employed by SFC Intermediary and Business Registration No,2298859,AWAMWRS-7783,[HK/Phoenix] Day 2 Data Fields - Enhance Individual and Corporate Client Profile Tab,Critical,Validating,,,,9/26/25 13:40,Faye Chen,62d070fabb346bdf82faed3a,3,2026.1,,Lishan Du,62ea83001323922c61e1ff04,0,,
Story,AWAMWRS-7927,2387122,[HK/Phoenix] Client Red Flag/PEP/Country Risk Form’s Backend (Post),1879943,AWAMWRS-6972,[HK/Phoenix] Day 2 Data Fields/Process Enhancement - Red Flag PEP/Country Risk,High,Validating,,,,8/3/25 14:51,Joey Lam,62d06e192c801edc32859a3a,8,2026.1,,Lishan Du,62ea83001323922c61e1ff04,0,,
Story,AWAMWRS-7926,2387119,[HK/Phoenix] Client Red Flag/PEP/Country Risk Form’s for Corporate Client Maintenance,1879943,AWAMWRS-6972,[HK/Phoenix] Day 2 Data Fields/Process Enhancement - Red Flag PEP/Country Risk,High,Validating,,,,8/3/25 14:47,Sunil Kishore Khiatani,6281c0cbbdf2f30067d1f93a,3,2025.3,2025.4,Calvinthio Gunawan,62d070a21e326fd930131db7,0,14400,
Story,AWAMWRS-7924,2387113,[HK/Phoenix] Client Red Flag/PEP/Country Risk Form’s for Corporate Client Onboarding,1879943,AWAMWRS-6972,[HK/Phoenix] Day 2 Data Fields/Process Enhancement - Red Flag PEP/Country Risk,TBD,Validating,,,,8/3/25 14:28,Sunil Kishore Khiatani,6281c0cbbdf2f30067d1f93a,3,2026.1,,Sunil Kishore Khiatani,6281c0cbbdf2f30067d1f93a,0,57600,
Story,AWAMWRS-7923,2387110,[HK/Phoenix] Client Red Flag/PEP/Country Risk Form’s Historical Table (backend),1879943,AWAMWRS-6972,[HK/Phoenix] Day 2 Data Fields/Process Enhancement - Red Flag PEP/Country Risk,High,Validating,,,,8/3/25 14:25,Joey Lam,62d06e192c801edc32859a3a,5,2026.1,,Lishan Du,62ea83001323922c61e1ff04,0,,
Story,AWAMWRS-7921,2387104,[HK/Phoenix] Client Red Flag/PEP/Country Risk Form’s for Invidiual Client Maintenance,1879943,AWAMWRS-6972,[HK/Phoenix] Day 2 Data Fields/Process Enhancement - Red Flag PEP/Country Risk,High,Validating,,,,8/3/25 14:12,Sunil Kishore Khiatani,6281c0cbbdf2f30067d1f93a,5,2025.3,2025.4,Calvinthio Gunawan,62d070a21e326fd930131db7,0,144000,
Story,AWAMWRS-7920,2387101,[HK/Phoenix] Client Red Flag/PEP/Country Risk Form’s Backend (Get/Patch),1879943,AWAMWRS-6972,[HK/Phoenix] Day 2 Data Fields/Process Enhancement - Red Flag PEP/Country Risk,High,Validating,,,,8/3/25 14:06,Joey Lam,62d06e192c801edc32859a3a,8,2026.1,,Lishan Du,62ea83001323922c61e1ff04,0,,
Story,AWAMWRS-7914,2383369,[SG] Process Transfer Out Records from PSPL feed,2514626,AWAMWRS-8140,[SG] SG Small Enhancements Q4 2025,High,Done,,,,8/1/25 11:05,James Foo,712020:f094b568-b1b2-4083-b6c5-95d9bc7b0e6e,3,2026.1,,Grant Chen,712020:953f9f48-c0e2-4e36-ba3d-1095ccaf30c8,0,104400,
Task,AWAMWRS-7911,2379293,[HK/Phoenix] Tech clarifications on Client Red Flag/PEP/Country Risk Form’s,1879943,AWAMWRS-6972,[HK/Phoenix] Day 2 Data Fields/Process Enhancement - Red Flag PEP/Country Risk,High,Validating,,,,7/31/25 15:32,Ricky Kwan Ki Kwok,5f9f5acf81b2880078e15c88,3,2026.1,,Sunil Kishore Khiatani,6281c0cbbdf2f30067d1f93a,0,57600,
Story,AWAMWRS-7572,2119340,[HK/Phoenix] Day 2 Display Client Name and Client ID in RPQ screen,1686542,AWAMWRS-5712,[HK/Phoenix]  Phoenix General Function Enhancement (To be prioritized),TBD,Done,Production_Enhancement,,,6/20/25 15:28,Joan Ching,712020:3df01112-e9ff-472f-96b5-b710d9dc2c77,3,2026.1,,Louis Lei,712020:4d5f11fe-a1af-4f5e-8313-baaacd68d147,0,57600,
Story,AWAMWRS-7462,2048754,[HK/Phoenix] Modify red flag tab to Client Red Flag/PEP/Country Risk Individual Onboarding tab,1879943,AWAMWRS-6972,[HK/Phoenix] Day 2 Data Fields/Process Enhancement - Red Flag PEP/Country Risk,Critical,Validating,Enhancement,,,6/12/25 11:49,Dorothy Lo,62f606ecda8620d533958439,23,2025.3,,Calvinthio Gunawan,62d070a21e326fd930131db7,0,288000,